,FILE,DEK
0,cypher.txt,gAAAAABgkDGF5RenaTlx6g7S2wMRMpcnsvts9o1F2Zp_9Y83U0sRwViQU6WRtZLCANZVtiUmx8v19Yv_axj5sdYOI-Usizt_p7C_vrF9NLJRefyKQeUFfbdQuBz7szlFQKTW8jHei9Wf
0,cypher.txt,gAAAAABgkD_njAYIc11pKUmGwP9zZmDg7gexnxH84sSERI8yqFj_ic-urFVi4WDOVA1h4R7uhwCN-MQqvqXRPLQoz1_YqKj0xDI9EqMQ_s0MciYgExtdi62sxzokSv07cIHRk4Zrpua7
0,c.txt,gAAAAABgkEAQFxyQzIDQoOEJP9TK9rs95LJgfn5eMmTzrKJRVFTmSZqxL57EPgDPRFGDqvK8cnutcrKJD0pEWjxHbM5Pe4LgsJ-A9RMDgfFtg-1M4xQEeM4x-EnXxmomB76jxWlZvKPU
0,c.txt,gAAAAABgkEBu6PN9QIMRZ8bHveyMlKJhoQyVJ8E2kGbARHy9eRnAZ7--srAVE0am9ilYlBA2yCWzLjWJQ84iQYa8Dc4K_y8rnzHeN5iOj8dfRh4pcuku8XY_eM2J04nnaiagGbIEAXKs
0,c.txt,gAAAAABgkECx_2cXfjyXhtvqE5y9oVIoRiN0RWgua0buL6OF1C_hupYS2wiidn5XeZFK2sHe9voqTm8Wp6Jb4A7E8FdODsPs1c5xbZRqps3_8eRzkxC2jL-8mEgeiNf9j39OU6UGTN-z
0,c.txt,gAAAAABgkEDObTtVQMV2Ky5xTHPZ38LQmeaothpMCKtQULC4wQbgr4l9h51KFSdAUTe0qHh6KGx-oM1w6lQ0BzOK-yZIt9f1wFZuUrFziuCuoR34_kNuYOhgvn9Tn7HMRqIZXuYJ1i6B
0,c.txt,gAAAAABgkEDzhClNRpKgL90fFslblf4FDB1QLCd61ExkSNPapeC2mFXSGepTpX877wnkOn-B9JGNdjh-aK23aCoXN_P1sJrFJdZTlqIuF2ghlRqZxECq-OLDYePsJixAREMetBMN2DO4
0,c.txt,gAAAAABgkEJ0osPUOw9FZy2Q_GYuiQCe5ZIrB8yhKJBqqGiPZPIwHCYuf2u-GUeea4NwT05qBBhHkImBFhkD_py9TN9QFfi5MVj2XUJeTwPXKhZ_nSY362ByPY0oKWuiSjs63PO0vyg8
0,c.txt,gAAAAABgkEKDc0Ir5zM82m79z5HATJVPbKdeoZVtg-4HqV2wRJEUC33x76HUxjV9nLyaEi957yZ7akCdLlW4ZpmENIgpVAYstvumYQgK3BHZbZ7rVGfImUccOIpe3q1riad0T2TTjy4M
0,c.txt,gAAAAABgkENQPYp_Nos4MllH84oZ_G-KtsLdHAvkTL77mKIg5OjthRdhv7ye4j8UKTM5LLk4Mf7Bc_ga77a_ZNhaRz7iJx6OUh-w6ySRt5CSWA3g9H-56RqjyxoNIC8-uveym6Ue3WBU
0,c.txt,gAAAAABgkEOMKdIpw44woDeXYHwsPs63Rsu8nJcKqwi5fbogml8asm-9XWVSfmiOQ5x-wFAGsr4mMk_WVbV3Y0m9pywKdN6D1sLA9syWxmDlW8O221JkFUrRjyqqlJgF0XuqJvzMtzll
0,c.txt,gAAAAABgkEOXR2TfM537m_CHFLu2LF06LlXzs_j9kQLyn-kGHOeI03sGtaEhtt_4613dkd-_TG_2UC_k2goMAuyJwMgshBZtofo_FcMy-J6PPywQOaLXMQU_uHXY5LVVSta_4_QYsaAK
0,c.txt,gAAAAABgkEO2kLZYzGFXspOLNgZVdRZjRDfp-7Uuf3Zm5qT9BAu_I9l64-55KFS5soRyuca3-qByeDIEGYhAIl2xjz71tn7dHkdDj4ct6E5cWh81kmleZVU-mNAWCeWjKhzzmnbXSTOo
0,c.txt,gAAAAABgkEQ0q-SHKHZl5yTz9_bBNpz2Qyy2_n0YusnibZNx-BMD5ZKYQC-nqH5trWYD5ap2xtHmkJ4ZchMwCZIayOyf8rUEOTbSGZ04bK2rcO4-187KxU47XJSKZYMDPfnU0ge3rXNC
0,sd.txt,gAAAAABgkEkgYp5fHB90bTRD7IKANd3f2FSnhRV-TkUBnA6eFSC9hN_t-dore6XEMXT-s3aoByIVH6_vLvmYhzJXoTwiiBTBNb7xSuxwlIz5vZwEZgkvPiL0ntjty0fyoQvDweMCcxL4
